United_States_of_America,China,Germany,United_Kingdom,Japan,France,Korea__Republic_of,Italy,Canada,Netherlands,Mexico,Belgium,India,Spain,Singapore,Switzerland,Turkey,Thailand,Australia,Poland,Russian_Federation,Malaysia,Austria,Czech_Republic,Sweden,Brazil,Indonesia,Hungary,Philippines,Denmark,Ireland,Slovakia,South_Africa,Romania,Norway,Portugal,Israel,Finland,Chile,Greece,Colombia,New_Zealand,Peru,Slovenia,Bulgaria,Belarus,Lithuania,Kazakhstan,Croatia,Sri_Lanka,Tunisia,Luxembourg,Dominican_Republic,Guatemala,Ethiopia,Ecuador,Estonia,Costa_Rica,Uruguay,Tanzania__United_Republic_of
0,160064514,66753018,58616732,73045283,41858288,45531184,16571634,251814356,36214005,195857558,33275899,20439727,13681326,37902802,21316869,12727960,14675262,24148859,5386900,18594395,16009272,3861374,3724819,4083123,35318307,8188542,2019512,5996959,2751958,7706127,918564,6595504,905016,5531215,1235500,8564065,2841266,14223647,664794,18256281,4932306,8802429,428857,371500,78030,425265,1993064,203575,493224,720276,1636155,7273141,7357977,654989,7692957,377628,7632681,1011168,369836
486296238,0,107593170,64147254,181294159,56416480,90071153,33305149,53066196,47026706,66255965,18108907,58230546,26227845,44418932,13284726,24918224,38498345,46854594,22992572,50853010,35322309,6418910,17426277,7292223,37344986,30624380,5140097,10283721,7113521,4467295,6676017,15449362,3149705,8484222,2123608,5994138,4950628,14993983,3313758,11790385,7199913,8924520,1502754,1147400,947958,884212,7357220,588802,3414298,1782594,514021,2057628,1796889,5018119,4614573,1506153,1715660,1989445,2046634
125532375,105012760,0,100307056,24121796,112991127,21285205,72235117,14436100,83336333,13762327,59552294,12706867,42444332,10647100,59376749,22369476,5913348,10706488,47026899,32947335,7083009,74055799,40154997,28258008,13837993,4091179,26343463,2749322,20267379,5640601,12750248,10003242,14871053,10566333,9654866,4651256,10168289,2615818,6176952,2530978,2044023,1477217,5500141,4254707,2410804,3845123,2314624,3463093,327234,1739941,5719654,287607,273340,363645,657452,2043328,360603,436901,248136
55316559,23726733,51158697,0,6384288,26020528,7441595,13656213,8323162,33764989,2513361,22140231,4791111,14671870,6191887,33710367,5932227,2782346,5484532,5483481,7777965,2171451,2785954,3282494,10046504,3257801,894761,1798762,409914,4714837,22897850,991274,3271703,1770470,5787191,2413907,2334551,2366945,846504,1591157,598481,1103984,329648,407783,589249,92621,1428212,578863,291934,290693,330979,391272,163967,46974,167608,211044,661579,102048,81004,262969
137503838,162920512,26506351,10491214,0,10361847,53775887,3590569,12046255,11055993,17544577,7357522,9963998,3510972,20119357,3985161,3199915,35710527,15478595,3123992,10917410,16731372,1034654,2548899,1455618,5901376,17007579,1232289,5538671,403477,2332843,1047756,3777364,308305,2020254,336113,1294013,879154,2295844,266034,1525446,2833474,1105000,95162,111267,88484,35612,924773,26862,941086,269736,311606,352603,255613,569356,878833,344851,475324,78960,559409
47750027,27074420,88658332,43522747,11469357,0,6824708,40912571,5390799,22973618,3791300,46132438,3383506,38490084,8106878,18116604,8122571,2438143,3830336,8068018,10551969,3812988,4747811,4924351,7228644,5707607,1335158,4938424,2338235,3045204,3350559,2531753,2207204,4419815,3071428,5552049,1561079,2428355,2267955,2815091,1853550,971715,346819,1108669,1052550,200539,977162,1085512,531106,162924,4044975,3371481,155522,78240,120294,240252,439891,105797,180220,72551
71745454,190108773,10661829,6200577,33385307,4030027,0,3111737,6551468,4223868,13771522,2840150,13437254,2201980,21600975,690126,7548319,8540372,10614475,4322772,8972462,9667998,782576,3110986,887122,8525813,11847411,1425781,5234082,2079590,640124,5920093,1543444,625131,1543223,368454,1354780,588625,2306100,1953863,1500478,1904064,1381737,1562576,108127,62699,423269,1066994,104477,413783,270437,137058,248641,439818,215640,943739,145361,326413,214735,163350
43360963,19284885,64482805,28456784,8607391,48092634,6261237,0,5807776,10722656,5219400,15727118,4334627,20633652,4139871,22594137,12059098,2269845,5447722,11393121,12683365,1781946,11446534,6331813,4904025,6322165,1723009,4638678,379229,3588496,1219197,2752391,2642851,8445309,2731874,4082562,2784123,1921058,1269516,4672065,982272,771015,645824,4892193,2441049,670242,1728745,1039383,3262617,265011,3634615,624186,226581,143004,472104,374168,555229,206516,170749,79658
354171825,25182010,4807944,13733559,11250091,3960849,5442723,3301107,0,1793294,10044921,3554920,3747636,1342308,1179915,1562201,1107270,919587,1835920,406657,1496715,919524,392736,172855,401759,2713272,1860198,132209,336115,357092,474149,66224,420740,76853,2338256,236592,373101,410236,1266797,122293,1164632,431283,853531,96320,43155,17256,54030,177543,16123,309086,126804,160979,275235,77659,52045,336030,29361,186720,44242,123713
21580663,9340126,116719333,53552199,4295147,28462992,4580225,27646621,3332214,0,3688029,90435664,2782977,14061349,4705698,6088657,3517164,1039733,1762836,8060601,5264873,2511507,7131307,5178693,12800147,3168111,908269,4239116,388616,7473945,3502629,1012201,1444136,2899986,3306211,4053499,2416737,3943813,461805,3080465,294209,380165,161387,1054663,952359,452772,1683373,308725,787778,83585,246159,942865,88419,108391,123790,373605,843682,115858,46916,176504
296855759,11173418,4944296,2042987,4278227,2308689,3270516,1597078,26070727,1948935,0,2480818,3445597,6805693,2828429,1945595,944665,568069,1774159,409209,783090,425601,209032,522167,69618,5363009,187462,185361,76109,155239,414810,86738,530672,141236,192185,65675,151430,206462,2430747,28389,5272632,204858,1924811,13213,10873,2089,13040,120165,6091,7851,44880,21069,1062260,1950049,8668,1139418,25450,1147126,258098,2750
21383561,10059222,52490303,34027390,2523378,52914030,1834795,20031816,1868939,49184570,941963,0,11293119,8805081,1643326,5025630,3863892,1091139,1573566,5186292,3573504,720533,4074126,2715570,6392209,1850255,585486,2497881,236878,2990540,1473790,817275,1070640,1660462,1584118,2084818,3818141,1540737,408033,1723736,260327,258711,277120,565926,713222,345159,1208660,216385,385078,103476,353598,5703384,67429,135910,195723,182744,280684,77225,46477,126983
46985468,16358691,9603386,10721467,6987497,6879908,5274760,5541812,2876562,3573514,3726520,5427422,0,3484304,8276042,1777036,6898577,3039489,2768026,1695725,3170707,4079514,501198,720341,770791,6640265,3952081,385107,1009617,885436,532764,331442,4551486,300257,449498,653311,2240581,491276,664633,428440,1368797,421700,836290,219981,152162,71001,60457,259876,118436,3977635,290299,50003,147509,232588,1056107,393423,65889,114833,168799,2453793
14901316,6203607,32943810,22037264,4096958,39270633,2891623,22893728,1995771,9063516,4753243,8233219,1739320,0,1179361,5360355,6075843,676789,2769354,4286926,4342490,716975,2134876,2637548,2211603,3910068,517093,1539102,395213,1508190,1152772,987633,1717406,2029778,1586882,25516988,1419370,1261317,1455327,2085272,966858,458976,762275,539256,1697909,188798,658771,378588,372665,50451,1005297,287336,437324,304993,125730,618931,184321,206000,287795,33810
16651709,30828733,6679848,2137151,7883744,3698031,11306681,303571,1044324,3554641,1199910,5652283,7069417,562993,0,1709771,293037,7879010,11396038,915658,602260,26200004,65022,644239,214954,804073,25186115,514374,4705196,124155,463752,44768,1819742,32617,584906,47515,868425,76211,63793,35939,146150,1709194,52836,4850,27931,8010,3478,91114,4094,1270052,26927,15445,12412,47666,12512,55067,7810,74963,8179,39227
31759081,40541086,53726149,10638131,7216048,16848155,2770943,13819538,3522777,2821676,2009400,5826969,21133061,3802005,4012095,0,4825458,4196020,2538879,1761319,3271954,2262637,10224386,1514786,1185020,2789218,628225,695903,339494,778808,1660334,638897,823273,645381,1224032,353288,5189867,892163,285070,617547,519237,263848,202349,415571,232168,228533,116471,182727,251549,129600,255123,183368,49713,22076,41305,138602,167549,116823,36355,905636
7763895,3705396,17868513,10556906,663329,8153062,655285,7594180,1275116,3201489,639145,4510210,1347562,5257846,404895,3626888,0,283762,680441,2691010,6654286,217332,1821859,1335605,1387884,882345,1069208,699726,107963,1062232,577064,622627,650267,2617467,881623,514884,2683570,559226,245963,1543476,204698,124570,294344,1214323,1966461,338689,181583,1019387,256478,51469,926876,80381,57570,22288,399678,110027,215692,60619,47539,142715
28026525,38331928,6279422,4003282,21739725,3038902,5344895,1735306,2592822,3872359,4353575,1815858,5680938,1163557,8770743,2034993,1276798,0,9844416,869955,2231759,12124849,423289,1139048,545706,2212758,9781053,379446,3597631,420132,537675,254903,2376335,177066,620181,161142,594843,288801,795708,141964,343642,1461367,599999,43990,27904,7633,37477,139509,26015,462024,179298,23009,65912,156726,200985,239600,91696,155012,34027,104698
10765046,97630887,2414551,3231337,48117722,1166279,20441131,677991,1300693,1294780,553534,1393409,9934691,817041,4682097,597449,544148,5414139,0,386302,672592,6185832,93144,155322,302062,1091546,5647502,25839,843317,106468,105666,40640,1092150,24398,147274,17737,124969,76690,292176,12932,44342,5175942,132192,1585,10425,725,3613,85567,3381,237382,5881,12736,13635,7501,14345,15571,7477,7820,9541,141812
5340571,2934739,52726951,12681369,1135578,11106566,772856,9592235,1441179,7990219,891902,4920211,630116,5194350,453925,1914073,3082128,256094,686619,0,7069392,238303,3162763,11865463,5254198,664836,143765,5401467,23410,3216506,573635,4074594,730521,3600824,2883070,713654,244582,1728743,97337,589207,131872,82514,81743,726522,939707,2431804,3326636,429328,567074,17452,117322,262509,9778,3999,26477,15558,1159509,12804,8921,14931
24465063,41593505,51248769,10114257,24755660,13680572,15673983,22945929,666788,24155708,1510511,14059088,4207629,7958305,7931170,3314858,25288597,3708455,1179334,23405595,0,2064233,925132,6248074,7937953,3016393,1589806,7292484,1000435,1192808,299509,6530466,456290,3048761,1577982,943983,974278,11377221,60025,6425371,404168,432894,318045,568861,5277678,21868622,7620568,13807686,1158133,260309,1052360,44397,91476,39088,126721,134323,2160690,34216,52918,128441
31113046,55652243,8256887,2784646,29181376,2426518,11100597,903086,2188448,8583306,6560587,1122876,10928503,750469,39036489,712681,1160993,12745923,10036756,974722,1458930,0,245184,918507,429274,1899963,10855394,253098,3208639,254839,304146,633972,1002666,104766,324885,84987,52005,209665,262353,80911,225744,1934638,169521,96141,43363,14810,9582,104713,14529,715781,74257,29455,37422,33516,135454,108822,93545,51584,30660,387572
10889475,5851704,47970457,5201112,1795088,7699999,1343148,10944916,1524053,2642802,1061621,2779029,852420,2291865,1291514,9666582,1814150,423958,934362,3839900,3389791,560168,0,4793557,2006016,1126515,342955,7578435,80149,917233,281443,2125412,585744,2931243,692524,385113,413192,619673,242715,555334,181157,231723,130454,3484429,980262,299109,363754,278940,1978681,62103,134647,138003,15170,24089,29773,57164,128744,46713,22331,18734
4479008,2986689,48898188,7714143,773622,7904952,558008,6452916,450774,6217068,1095114,4314459,505562,4003819,315233,2504749,2420199,210912,551304,7621062,4893920,195825,7705220,0,2101662,555071,175580,4727257,53189,1785313,527944,8849949,593341,2128305,887649,542281,607073,927622,52476,299829,57378,77581,60446,726479,779088,397994,560533,357317,529799,11429,76126,130233,8321,1763,45291,16931,230788,7853,13394,6904
10545070,6791543,18634370,12513003,2182045,7455568,1799636,4336187,1649220,8605984,1047858,8528922,1743045,3072610,1119555,1781676,2014858,701766,1837533,3915297,3239464,595470,1783715,1348348,0,1626140,691053,1004644,110331,12125935,664847,426019,1043453,501924,10949472,877571,521478,8638186,439917,340741,155967,260075,214491,188080,198384,46014,1108240,216428,153385,54204,152193,118213,41470,51681,39756,39713,1181807,50451,42565,110971
31607114,51653225,11938152,4224312,9685506,3786094,4906053,4118220,3135750,6163269,4472973,3133168,5544023,4023924,2223707,1747695,1728745,2116855,540857,1155097,3968954,1818785,179454,301670,597630,0,2553533,154750,171673,366180,211103,118584,1369152,306709,1277052,1148539,180778,692384,5677844,151886,2465559,100059,1994465,338605,70306,38254,33832,256036,89783,128885,284269,18894,353137,202375,57285,858536,48440,272705,1833471,14807
20314195,24485247,4939236,1983496,25672884,2031308,12271095,2651718,1373768,3324342,1347942,1475922,15184884,2264134,18782266,340964,2043492,7278674,5491389,785379,1647694,8477702,113164,279971,164053,1795355,0,121998,3184995,281619,129654,125365,846947,125549,184168,158499,68595,203577,241974,177245,226155,703133,276462,76952,43713,2804,21567,35060,14975,590759,98487,151321,35125,36040,421652,133290,73102,34813,55725,93635
5369828,3259900,29197462,4008782,1021055,4513149,515233,5380854,497142,2215135,983601,1767118,236438,2528049,309555,1200605,1187641,179339,426808,3378110,2739819,120912,5178975,3576458,994272,486815,62424,0,14545,839502,163051,3917468,297508,6100287,403198,306919,304754,349707,51412,397263,65497,55416,33553,1369942,1169906,201127,246069,136895,1500125,5402,109676,97142,5499,955,12662,14014,241917,8437,5699,5618
10495177,20984132,3671692,614664,10175593,583163,3332995,247910,1120250,1572076,1935634,210349,400685,222061,4994537,426191,113987,2612379,1060787,249084,378436,1577457,97065,293427,22291,296311,699737,177568,0,48683,112022,32906,130866,18767,39943,17691,84460,170825,60688,7253,58778,106808,41972,24379,17376,238,2678,17996,1354,29556,12827,9496,7959,1287,10831,27456,12308,14172,10672,1937
7631110,4057315,15717291,7356637,2117168,3431668,994254,2727485,897613,4605639,543171,1881428,453404,1935519,480921,903929,1034792,376813,960252,2650803,1604882,275185,808951,962887,11986502,837543,167954,734798,121880,0,558073,321860,338386,414243,5448092,353509,253282,2543085,266119,542133,124031,236395,71831,102522,140975,98726,540406,68432,136245,62314,50530,53532,92592,54485,37840,27859,240480,40789,125029,41810
34097160,3733626,11789701,19416882,3238691,7984464,919180,3722622,1352528,6312234,1584003,16917740,529817,3348411,878713,7857503,894001,365636,1417786,1547505,1301796,384169,509332,990446,2074193,613052,100938,433633,279428,1143048,0,235484,469244,472860,697117,799784,837912,610081,134284,397013,175763,187953,60215,53834,105008,7741,86771,182813,54360,13754,56415,116133,24883,12141,25326,38982,52236,39890,14178,20077
2140321,3376077,17055800,3156889,228691,4080890,223867,3898180,286159,1507008,191304,1094709,65751,1942437,58468,955515,919488,35411,359486,3967298,2861631,22390,4846541,8121679,1097537,74220,12482,5619788,1888,437172,60936,0,127313,1715222,477787,216193,207451,323646,12201,204107,36157,55477,14941,431124,413116,141397,190100,146191,383083,4664,58619,53270,839,686,4507,3464,118559,3651,2468,776
8466310,44568130,5990140,6026273,5709402,1161810,1624363,2226870,998259,1953171,266701,2639406,5993808,916453,517623,2285090,1189352,1164344,822741,304019,689983,713036,140938,294275,294930,731882,498496,18904,48376,88860,123136,31566,0,45238,245037,161132,86724,462131,76608,52497,41715,125973,64637,20300,29503,2004,14346,31545,6973,21640,28420,19413,7824,6751,132431,7500,25838,7042,14876,603333
2189345,1520667,13578311,2499086,495294,4167881,642168,7986762,383956,1685012,390885,1056091,313610,1554916,77109,673600,3363233,93130,107419,1699956,2209842,30946,1559344,1701103,617371,487828,36786,3318659,41705,280074,129758,1092665,307453,0,774747,164382,168111,260234,25838,806177,31827,12249,24578,364236,2365901,27413,137466,119347,189084,14769,134396,31454,1800,703,83593,67760,85493,2059,11903,2298
5571377,4467693,23648184,27676506,2408728,4112255,2841279,1576823,1818858,19767684,154445,6378148,845279,3119238,1338666,384420,866188,345623,398165,3033496,1150478,448881,133070,242021,13363623,1103357,212955,27620,45746,5560176,1243091,48702,106523,134580,0,76745,178117,2157120,105627,158557,47318,41568,21651,36333,21781,136806,157019,49074,21505,12469,5959,38584,51145,19516,2320,25445,184177,11459,5033,44278
3323709,1663291,6948530,3701233,331423,6721992,180918,2009202,440079,2327019,553528,1675527,189697,13280203,119649,895890,762684,65889,137080,654463,586982,73961,366454,494884,509087,1096493,57352,291251,7534,422773,216385,144469,197882,368522,324064,0,106342,391305,145272,164689,100278,22819,49962,59616,71506,8855,59399,20789,21665,5558,192098,87005,14144,10265,9227,31916,26094,12833,19037,1998
23421561,3140637,2171730,1736581,1728445,1601497,959539,1202411,1000708,2055025,640576,2242792,2303327,1065707,915172,707317,2881262,423381,662055,368875,1141543,0,147851,284165,177019,954317,13897,196283,58761,79920,139972,80707,290831,117767,138854,161400,0,102208,121222,378342,328207,92292,63002,211201,90983,36674,27505,141879,21450,70433,1131,12771,25650,28757,27795,41590,14694,259453,12616,17522
5226663,4051184,9668390,3890203,1566112,2520836,1356109,1854090,1266849,4535241,680862,2689483,1057137,1244040,412909,1114133,1138278,315329,687892,1980620,4568150,200592,543822,500342,8100453,627981,668427,342310,139132,1333723,184888,168816,368665,204411,2075072,208039,284382,0,287340,147926,149322,132498,134224,59752,64111,143691,714753,262103,39646,9548,86161,37769,15606,10403,12535,46399,2075362,8061,21720,59687
10265746,20985876,2015709,849371,8141465,1390417,4811807,1619700,1559125,1119070,1397604,1103098,3183788,2085688,95305,859694,363304,318774,851472,147051,818384,189318,110287,39206,251137,4013311,241506,14432,30224,210599,84193,5478,137971,12226,162493,59634,80204,217579,0,155548,929208,91664,1278927,16766,23708,4907,14602,9912,976,8361,7608,1941,59581,120011,1761,516835,12880,277398,140062,413
1107544,345667,2312737,1168483,112508,825398,411315,3087733,168244,604546,201444,471882,131225,647034,336487,170653,4043839,45038,184660,436249,496067,14682,192254,255081,186377,68201,97194,102437,10625,156767,45241,97289,52683,825191,71547,149868,229332,96948,23549,0,21056,22423,17269,107206,1773256,23453,34184,42851,122725,7128,228431,10514,9636,4299,16560,6492,24275,1241,12690,3610
18858161,7598890,1942095,1207080,835345,473912,608788,1290411,806408,1530017,934480,704737,3564933,3098901,623837,720391,814096,80107,62457,79606,140058,75062,4029,28602,62170,1715519,7152,11524,11353,28061,109524,5386,232338,13337,121062,279510,15633,64253,1135666,53061,0,16876,1243537,5372,4075,2675,1965,5448,6563,6634,10604,529,330975,376742,448,2063229,5863,316704,18827,470
4158631,9505522,868235,1442113,2751532,527074,1526419,348046,555036,629926,348535,398357,598477,166922,888572,103910,89657,761124,7081296,46165,240457,893189,21378,31349,54956,134598,836037,9818,439261,102505,62294,2317,172842,9242,56224,25222,10734,34838,130182,33503,12071,0,128981,774,6274,39,13034,2120,2772,253211,3987,3496,11056,21728,4722,4329,5734,5057,10808,2883
6413467,8140872,1461440,407318,1758174,430931,1434470,699459,2738254,661118,1106269,559544,563954,1741912,44819,2883398,74808,112230,125975,43242,110846,37434,15421,22059,160758,1711519,66786,1412,50955,137493,24214,21001,17472,3068,325155,19837,7271,342084,1553438,5028,1204811,40093,0,884,35698,730,4000,3999,303,1486,1231,2511,73145,204200,1569,912304,8752,52055,28457,36
721570,331465,6403208,515710,66444,1570121,125865,3614331,113975,430797,116519,282575,108640,351476,45986,581111,301868,47146,96314,768425,1339985,24063,2779847,669168,247391,141177,12286,1345690,6977,249967,46760,460639,49255,521252,129605,59849,157196,90540,33862,209465,16289,11248,9505,0,233904,101937,105704,95341,2475362,1141,21983,22938,1554,0,1185,4512,33462,1420,1136,2682
632197,984860,3438423,583385,106831,1289943,190091,3023049,108978,684718,59276,1247483,108594,609836,815865,246047,2846185,47941,42968,542434,652287,39404,480980,349690,136802,37477,45741,379506,47447,131957,44478,146225,74784,2231527,84427,141403,61998,129278,5883,1887659,9112,13823,8974,100401,0,102547,63298,56205,124685,9602,118313,5413,2648,1317,6975,2977,12429,1409,5417,2967
140611,738277,688752,87484,18317,271391,44891,192900,44446,125298,6779,227987,198927,22694,243472,18629,147703,59985,2975,851443,12316244,99711,46832,160034,54177,768493,186357,88607,2008,15262,14270,71588,33580,95783,132327,1258,20211,26289,2482,75971,641,22653,944,14728,30768,0,993553,773817,5910,16469,11807,5348,148,1,1166,5778,103569,1740,1757,89
1137632,157487,2125995,1592374,105710,867072,50754,558602,208990,1368723,44899,485690,125299,261365,44601,141003,217223,10148,30506,1349322,1005362,29530,95663,281015,1151947,34049,8697,149291,4808,643503,89771,77123,24294,82367,874386,89960,23377,417813,3747,35951,4297,12451,1988,60587,57685,3290014,0,150127,14924,2824,6495,14920,6677,87,2052,5013,1145425,1448,12798,555
1459478,9741822,5912914,287569,753994,5600844,560771,3218268,458584,500389,8408,455213,924993,2213494,922,1034632,1236268,3477,2125,1718702,7172377,13151,2149998,682722,16420,99282,28186,39911,345,28115,1766,16982,7178,3079700,12302,1081422,3917,691449,2856,3220221,2877,780,182,29909,48767,82477,717322,0,68721,1176,12220,4,2,0,0,1,98088,0,0,0
479011,100663,1298868,128466,68678,196265,15328,1861510,50161,112149,39632,123966,28325,101520,8846,149802,136889,13665,21316,129587,422095,3859,621137,179137,67571,1226003,10962,558466,4686,29430,6134,149506,35897,114820,88156,48142,31266,33008,2267,139538,8328,1965,5707,1440532,60081,22693,10817,17686,0,673,43298,4725,146,179,321,728,4132,282,458,7377
2800451,248273,650994,1182777,287078,421926,93802,525384,230685,151424,158616,324982,591996,163393,109503,213321,98178,58459,161976,84281,405722,57802,38006,56152,59268,65038,45996,10831,18490,29751,87889,45540,36116,8367,44014,7862,116567,24066,44226,4668,18291,42000,18022,4028,2017,2956,4134,7129,2882,0,1563,1992,1361,4614,1330,10666,8945,2824,2654,24433
537724,211920,2155214,491057,149076,5354854,121899,2927019,67311,370485,39649,396832,184230,538372,15937,166648,196697,15134,20439,192316,130106,22580,186058,145624,38111,72599,21696,29729,306,7848,14481,87636,20706,61115,42284,16794,216,20461,2084,27551,5548,6126,5589,18749,18185,172,141,4833,8433,193,0,18350,1260,365,546,2519,7192,1355,4774,867
785118,303804,4038618,857723,80584,1836287,39944,1236860,148498,1012116,116445,3311534,38403,538850,43528,595094,150185,20073,16581,406818,177468,23228,452565,324535,385181,73283,6313,85318,1332,203619,51042,84076,48587,114087,104531,145846,224006,74572,7092,91816,11738,5245,7313,60233,100848,6574,22744,13368,19456,17127,7289,0,947,4715,9748,21232,11810,966,399,2218
4637891,273805,244657,228081,73158,158695,128554,43427,1485765,219544,161530,176436,85845,131583,35641,260119,15883,21390,27821,30111,20934,8977,281,13868,35533,21598,10492,52,1069,7477,12930,4806,18749,573,14094,23217,6604,4511,17435,1504,52836,6180,11332,347,430,0,38,548,107,184,376,436,0,41574,113,19890,4696,49466,2541,85
4536272,51398,154505,86508,189783,54601,320690,72415,493341,363909,489554,46248,16903,131364,11278,48579,10785,4975,13216,12499,20321,6978,1171,4712,5126,27533,792,150,354,873,2290,1191,20765,634,22234,4376,3047,8914,107637,3649,51018,4115,25967,1333,504,0,7,40909,644,1819,52142,816,152787,0,117,26945,1350,408973,841,2
214044,489954,233245,42546,104832,56748,55220,74987,22221,77208,1473,193098,37362,9965,10455,281652,67479,10078,21823,5743,33164,1750,364,6669,22267,143,23720,1883,470,758,1432,7144,13630,2970,16164,7537,90010,5676,74,17292,0,4927,1,719,9800,33,1061,79,989,1060,927,7,5,0,0,22,79,0,7,264
11296254,1064512,704536,206696,1163001,450819,342493,537169,252763,415194,164795,379628,986546,637917,107126,145782,91057,65369,19654,239637,1240812,45646,1477,52636,25631,142849,41860,104,2079,20834,5624,22439,36187,7036,38571,19122,4534,15055,2438084,84909,918292,39960,1773887,34620,15393,1551,10096,36252,18812,16638,8784,1192,73524,68025,877,0,14199,33332,20648,61
574883,225498,702521,291518,102918,319248,344348,139554,86943,342091,147232,381396,114086,1296569,11327,50721,293569,11573,31868,178876,1613721,14574,44461,55022,2685926,43354,3124,45739,592,391483,54487,37831,39219,20810,692405,21268,15267,2033919,5319,9828,2810,1848,2033,11533,23854,137938,928739,56289,4885,1618,1835,2817,2186,150,75,40460,0,273,2761,2303
9765911,4186269,649168,375003,259433,235332,290797,248418,522664,3034623,2541792,610704,183818,200774,566811,114342,67893,62976,121460,87557,162501,3397313,905,354105,47676,278585,4061,1867,4098,9347,76489,10585,23534,1405,70084,21746,3162,56035,38843,22910,92188,22084,30276,144,2075,4,2858,3747,6089,1725,1011,2406,238016,537047,128,72313,9924,0,3065,262
477025,2629094,318306,126866,71317,83347,72616,240163,94209,367173,372701,29537,20504,114908,13922,111754,47095,35982,24313,38185,318077,22262,51434,20359,18816,1918471,38145,4620,81208,12395,4047,774,32742,4945,36767,73464,160383,27166,175525,1071,78512,1792,150322,5,6892,1105,1836,2638,54,267,4246,384,52274,79039,124,59561,896,25742,0,12152
88639,435102,211994,48421,238731,48234,42479,40452,39316,91617,1090,163112,927181,22132,14733,163166,34902,23310,29410,37478,50390,59081,240,7835,8172,70,19658,325,2793,4478,282,32,50064,8961,3683,28581,8642,6227,199,9065,9905,10587,40,129,65732,0,9498,3412,159,1907,5080,224,170,0,6104,25,175,18,10,0
0,148693056,68423395,58066454,68347458,38775095,44208106,15744426,223388954,36110604,187301416,32388432,20463651,14246502,33336489,20313463,11128045,13919208,22560991,5153019,11489698,14226544,3920612,3277159,3754042,26761654,7616761,1872102,7629436,2407867,12113544,844017,5292877,753339,5004640,1071284,8089169,2109856,11777650,660574,15583375,4309473,7867188,449954,267590,394494,398376,1484349,180636,470778,618049,1765378,7157479,6548455,884023,5085696,321270,6164480,852348,321534
504028117,0,103348242,62979614,160559699,51871364,90248764,31315511,51382680,38433062,69987807,16212822,61604427,26474440,42135226,12957716,24873452,40906187,46292722,22380369,35199264,33242589,5783498,18998267,6986290,30719405,29411071,4776877,11477931,6375316,4763866,6432928,14603198,3205017,8126388,1970979,5768087,4368658,14603891,2831346,10032489,7146233,8666725,1618689,1070873,2321406,806016,5087801,578391,3727432,1692094,433579,2321814,1868217,6073161,4073756,1262876,1947536,1747406,1853932
127170567,87623361,0,94348064,20281704,96149644,20955918,63879367,13586672,73077608,13974716,47140020,11829031,39853501,8954023,52237007,21351984,5522896,9275085,42886470,18991576,6010087,63875155,36564621,24706313,10376725,3471691,23774537,2592749,17459253,6518593,11615829,9423582,13846873,8707096,8612543,3806930,8990540,2378909,5014855,2267454,1710856,1116189,4911150,3763285,1384395,3236027,1985982,3196303,346681,1479343,4629225,313401,286208,321438,546316,1523647,378493,404451,160399
58887111,18933744,42548939,0,6515353,21624778,6126715,12066802,7195993,23570908,2344759,18742829,5375634,13965678,5586019,32449544,5541276,2539958,5338148,5052316,3700078,1832676,2568898,3018324,7660017,2800509,818897,1711449,410968,3855358,19958096,1161132,2492445,1735290,4945087,2105857,2273609,1866570,542413,1328636,536137,943326,304581,389617,533770,176084,831868,402821,231991,482280,289308,308724,173180,44900,181815,135217,462268,133066,180231,181094
135023800,142902573,23278332,10198965,0,9306512,45853403,3462342,11564184,9224345,17368173,8197090,9635158,3568804,18595658,3518797,3140255,31125286,14793098,2613014,6818557,13770979,952714,2283778,1182439,4877204,13263523,1256089,6761333,387833,2021201,734595,3062586,325081,1672463,300851,1196285,722494,2084592,276037,1227454,2389219,1075320,85249,93550,84357,42651,584519,29110,1387668,228540,283373,352418,279635,705380,700741,251000,418780,85264,395895
48864400,24631700,74160720,38703822,9482556,0,6162136,35686732,5324813,18280957,3731619,35321581,3195306,33033329,7305964,16712555,7583968,2727767,3282335,7057204,5563160,2209968,3948154,4287348,6017849,4463343,1337703,4575680,1092562,2607777,9623993,2442331,1662440,3905156,2534798,4944156,1605568,2263989,1557109,2099481,1918695,963431,362259,936278,923330,320637,828304,670833,475741,116531,3598235,2295985,167751,89614,183153,260042,341428,120159,130287,95471
74045678,174506083,8557473,6306248,26807292,3419716,0,3547265,6449723,2970181,14618851,2081531,13087658,2539776,18208832,674024,7057381,7012569,10895840,3285463,4532320,7967930,682416,3360250,738584,5420622,8427206,1434331,4550177,1752990,645485,4827550,1149417,536303,3205153,374782,1135717,543478,2005181,1633415,1155364,1345964,1286904,1068901,93979,113229,139152,607047,138143,307950,188772,101271,266367,433767,235345,833010,84637,391011,208979,225595
45435389,16823980,54358388,25062831,7530048,41704478,5824899,0,5768085,9972218,5063730,14302907,4108937,19245655,3539402,19587868,10641617,1915845,4351358,9822620,7933556,1334821,9602466,5721963,4575715,4684876,1368243,4149563,450934,2990426,1329724,2498917,2019401,7619965,2310500,3618317,2490715,1610007,1162371,3714519,823697,688345,639592,4115074,2213497,638259,1276389,1176149,2708046,209365,3013968,529358,339665,118991,490705,380581,411464,179293,159538,79048
301942705,26213746,4126990,10717280,9168187,3032787,3981374,1619007,0,1768935,9947932,3175952,3844145,1096187,1108222,1034478,929038,923364,1668497,364611,815445,693429,374867,156314,381298,2421424,1609252,123198,394191,431978,530454,87410,369798,68230,1570431,79775,263225,568842,744510,95468,877155,448693,754002,35734,30850,19530,17936,254727,13418,291724,162067,125431,243075,94852,35244,319185,23453,164938,50792,59928
17644076,8777761,97476692,47549004,2708402,23879943,4349285,22813510,2687384,0,3252743,61901789,1935724,12705721,4101246,5199311,2914731,966567,1595890,7168026,2926586,2340502,6104653,4192756,11525790,2468970,785231,4116612,414526,6843374,2957779,1024324,1111804,2798509,2808446,3415073,2421311,3167943,408756,2593919,359376,389539,182090,913127,978157,210912,1447113,312210,779305,115634,221151,682131,92767,131663,220769,289026,650518,89809,54084,94945
299181820,10027517,5038653,2146084,4752458,2717239,3464147,1405521,24417523,1587206,0,3176477,2726965,4008688,1912683,1770092,860675,547573,1845131,536423,590124,385327,447220,533950,107697,4377919,197559,208386,100871,128161,403789,101047,492541,122901,200396,163874,111348,187798,2140981,31756,3852940,193329,1725529,9016,9718,37936,4781,71172,6776,10133,33276,24677,805179,2040032,7693,714544,29462,1153294,229745,7354
20012245,7005805,40877388,31402186,2182284,40813156,1431280,18988962,1704898,42271650,1073584,0,8337646,7848511,1322274,4799737,3146924,850565,1241877,4585281,1868686,664963,3489869,2363188,5995477,1622900,559364,2125969,393267,2682191,1424509,809672,860911,1602735,1289761,1881070,3274889,1317444,390419,1555394,223646,226566,183655,490177,672809,186995,843968,164909,360654,148165,255852,4374055,82808,173627,258874,152507,230559,48859,45798,63584
46677950,13368553,8545706,9325949,4865169,5953196,4240562,4436030,3079923,3328396,4066865,4569387,0,3473289,5764959,1530135,5613570,2617936,3580674,1725665,2263053,3894747,478899,669621,702374,4289580,2741418,364927,1279162,662643,558680,308445,3940461,267616,406058,508906,1881321,345435,716606,316556,1199232,418527,934700,302767,156047,128439,57394,241774,116421,4268480,244279,43547,168354,271962,1151499,504654,61319,139310,264810,1258872
14679457,5587169,29044903,21605507,3661691,34961291,2335060,20612170,1830988,7884084,4554439,6923533,1923557,0,772833,4745615,5588525,500290,1543482,4059121,2738263,485156,1947527,2463504,1883790,3498702,472547,1444681,344643,1436323,1065023,936020,1243544,1786142,1391112,22084025,1345856,1279191,1536396,1711881,915251,367587,706065,455000,1378797,249389,549095,219987,430042,41363,847684,242869,533067,262932,133192,378536,224355,218074,232452,31671
18520357,27580763,6557909,1484674,7905145,2805304,7942069,279839,746145,4156083,1328253,5910637,7395998,418079,0,2022426,365286,7186651,6959027,1023376,515938,21096238,50818,659328,193041,631922,18022559,331429,4879796,157481,466880,66574,1338030,16051,471715,46718,780853,117282,81500,38555,95748,1262353,60722,8580,30989,16884,3297,66291,4176,922807,24645,10913,11334,35270,15731,46593,6100,46345,8193,91985
31970254,41200166,47827929,10226344,7394862,15968426,2465494,11940468,3543551,2563330,1688776,4831620,21113151,3413257,3757808,0,2449606,4639646,2420414,1529179,1994693,2117225,9272698,1437779,1130328,2366807,634402,662250,310003,651972,1500700,540766,642563,497348,896044,292889,4426081,667480,261971,477858,433289,239390,157558,362043,209874,206646,87148,129479,185743,127134,199535,215120,45631,23792,57191,117404,153620,114964,35792,429073
8353762,2943638,16094742,11067618,626174,7407847,789555,7373849,1012379,2804501,668374,3878358,989334,5356927,585716,6102771,0,232428,613151,2861407,4068852,474391,1574758,1267899,1182424,566800,249821,766606,103317,921188,550544,542273,491633,2535889,730340,495442,2446072,444978,245345,1476949,239944,128408,233932,1203332,1659509,487067,154647,741917,244371,49534,787589,56401,69919,25385,515412,52530,114318,62410,53371,78560
29627418,37168745,5751533,3627638,20426678,2887654,4854347,1351127,2436295,2562935,4957935,1533756,5650145,1064552,7774486,2602298,1209785,0,10197011,729013,1495528,10729484,391079,1170299,452535,1673252,8083368,420125,4433704,399577,634254,221927,1792607,152200,418396,133159,555645,229934,733628,104618,297483,1513167,623787,36723,30492,41876,17504,73262,20454,497185,152530,27402,88905,169342,144083,147863,60210,180002,37072,92058
10965063,73509971,2043563,2881054,34791622,1034506,16436976,560817,1313836,1095946,598795,1178726,9411865,548584,3212725,535798,544815,4197910,0,328002,575414,4487114,67474,150577,265386,1052870,4815795,38718,845209,131840,111551,55226,843122,27204,100923,40260,158935,110861,270240,9778,44648,4330138,131600,2174,164107,8822,4753,67034,2587,268203,7098,10568,10099,11478,9637,17169,6092,8234,8837,103176
5848185,2741951,49594142,12434605,1065019,9904822,696267,9523182,1379714,8323595,1130177,4085670,571453,4995355,408542,1802319,2977656,180336,572828,0,3839509,187994,3094646,11159827,4775967,529490,150374,5007159,27552,2845744,596147,3745922,571268,3384117,2340663,649211,268982,1448251,105108,567256,90165,81636,76512,691552,911514,1083533,2901974,340546,579442,22961,116769,240608,15652,2906,35090,17511,881372,9752,10624,25159
17162435,33258663,33681667,6701672,15740536,7009975,11308286,15981500,812515,15503809,1543263,9225068,4527091,3708630,5137193,1651120,20399806,1638239,252487,14359228,0,745589,554868,4194560,4521208,2220890,992640,3642934,322859,1437609,177179,3870111,375756,2207503,1409743,706207,726366,6587282,61594,3781991,403815,363440,329435,284590,3499201,16894290,4596899,10529281,477791,242098,815397,28294,171907,44856,83834,189741,1543897,40554,66164,123176
34719023,53277331,7833052,2637993,21499265,2269967,8609434,988072,2064920,7436985,7463152,1009285,9559921,786984,33056869,671536,1339194,11871318,7391929,957007,1322671,0,191317,986471,381007,1537343,8530668,320958,3304771,214016,309605,538472,692880,86291,346260,59795,15234,192442,302869,77298,170125,1217329,160295,98684,44741,45398,8088,96317,11717,511358,60777,17952,39703,34338,172985,93173,71073,38257,25845,168923
11432263,4968031,41196922,4692249,1551177,6065381,1175430,9412097,1400446,2421820,1106836,2007726,784163,2199848,1052580,7835029,1567926,357170,840181,3335876,1751613,633551,0,4189915,1667621,901149,316176,5997546,71243,783041,290973,1977295,470334,2690976,537060,334386,408132,558997,293198,445801,175248,139248,120710,3039434,786070,164166,374942,190776,1881679,81204,84254,117151,12394,11117,49361,68848,109495,27073,20076,18012
4646155,2780453,43476874,7445307,683948,6836152,577188,6143256,456429,5727078,1156490,3613264,524379,4052553,291277,2465084,2218334,168614,630244,6361732,2679134,226075,6564747,0,2013141,432712,145393,4372657,107277,1321948,569555,8210402,455842,1992112,807725,522645,469699,808870,47863,311070,67290,90586,50707,696546,620703,275506,461805,181134,434035,14757,72648,140756,10647,2042,11370,20131,191520,27662,8518,10644
10132840,6416705,15476871,10445744,1870167,6155449,1591657,3871413,1459936,7027316,1003481,6680773,1582112,2580593,1127386,1670110,1585004,790304,1454865,3454717,1827722,461374,1403026,1189792,0,1152386,691166,865005,153898,10498741,546255,377640,787894,415263,8854554,715356,451677,6744043,383599,296155,141959,211419,222065,158355,180082,80949,1093199,107492,120621,85925,110702,112792,47821,32922,635002,46404,884148,32210,43926,59561
28517866,44089358,9159920,3482089,7516851,3238640,4057963,3552066,2929232,4825734,4622107,3117864,4107797,3477592,1381522,1495258,1792241,2087880,483864,1013562,2928294,1736236,155554,269712,601647,0,2425427,202014,318480,202947,525870,99979,1280864,327229,1280740,953436,167353,541763,4858652,116771,2084310,105086,1933826,331586,33617,124484,27464,127698,43213,127241,309231,13944,554936,226976,41515,730215,40998,296026,1626113,17000
20655129,19886194,4456243,1834503,19753819,1858661,8850394,2210915,1308199,2774986,1327100,1362900,13902025,1843746,14372166,1371056,1638245,6535298,4213360,672837,1524149,7981132,83907,270787,177288,1374914,0,141997,3108900,249716,121282,131944,614469,114881,158223,147197,52259,122410,181610,163501,218387,634575,242554,59260,40377,24186,32311,31027,14183,434096,65826,130832,38860,40126,404014,90331,55773,28779,41904,142109
5808362,2875551,26358257,3859901,1247810,4152594,735388,4943470,478789,2283914,971605,1757355,250159,2906663,267131,1128830,1305754,160317,409851,3120386,1690521,119761,3933742,3334566,1063060,417270,62247,0,16587,627645,123236,3645450,279723,5552453,314917,296244,283949,329929,71222,400297,65708,58659,50623,1124924,1081689,126027,220909,86613,1596199,18052,114793,93354,8149,473,21999,13097,243772,19140,8432,6783
10614856,18965654,3341896,627785,8874094,668393,3251634,270113,1110766,1202146,1993108,244138,518188,229769,4536404,393164,115774,2348052,558443,286820,267932,1678044,95299,252077,24464,254478,683083,189066,0,48263,123568,42306,138035,17554,62997,23180,61018,100972,57707,7037,44220,94476,62032,33854,19048,12894,2050,10483,2194,28009,13164,7403,6086,1877,14461,23130,10148,5945,11219,3354
7885649,4095454,13075923,5308499,1836501,2657188,997352,2403234,797598,4166337,483383,1278884,411173,1818024,469655,779838,806493,235163,845295,2252219,840300,296797,697529,837909,10741724,667701,201303,587781,109978,0,501370,300682,259252,297518,4413004,290051,244051,1914138,180353,498581,124030,146812,146351,88224,137976,82717,507742,72701,145054,43225,47316,53530,79282,40031,32948,34874,210454,58304,215614,66003
39492818,4286453,12006759,19178938,7240908,7017980,1006446,4565060,1313315,6093600,1525995,17675811,555441,3527763,902941,7335613,840312,390027,1561568,1600884,832328,301853,537604,1204680,1971236,521853,103341,442319,149236,962770,0,231112,350784,418585,568159,564162,1300342,545128,151216,347586,177257,147034,52757,68533,90121,31082,92858,180512,54322,11500,51115,80264,22553,31699,34498,29339,47368,49820,12395,17107
2337894,2237316,15103741,3059583,145137,3871425,231092,3432410,301114,1334603,347239,885067,144256,2017066,66930,847037,858634,30873,344326,3389971,1590174,27819,4025887,7227570,954756,118629,14781,4794848,1946,389318,76520,0,132280,1582131,352583,206598,262885,293995,15141,173369,28533,57314,17076,389475,420113,76490,168001,67202,387576,5736,54775,43063,1185,485,1980,4538,91120,5205,2758,1361
7441354,30151410,5991229,5904050,4944492,929950,1415941,1952407,688572,1343515,194770,2748675,6275839,1093514,453544,2186663,918541,832034,890455,231622,585132,571764,136267,263240,190866,644590,231940,28031,53755,68414,104048,24462,0,41949,187175,135139,72707,214280,73317,47920,36685,117915,49504,21847,13834,122747,76895,18757,14535,85424,13020,18522,7680,3501,160711,8166,23789,6175,21328,511348
2242756,1294952,11905798,2372899,434034,3755942,614696,7124051,250952,1627037,357288,991238,291240,1589383,75207,584749,2599852,88314,101210,1571598,781216,31875,1384742,1704814,447357,283103,25070,2818132,5694,225037,120282,975131,241166,0,509311,144599,175634,222323,21477,788755,26955,15861,22960,352694,1980838,44446,73925,76684,177291,1176,155481,25901,1998,853,21394,16715,61552,2290,5997,2198
4997875,4146063,18022186,18720635,1767429,3377900,2627905,1012324,1328714,13149510,189382,4899474,825344,1934612,1407459,355782,657520,276225,273143,2414988,626758,523914,104113,203017,11341276,776852,226251,20101,47837,3992318,1335768,64851,108066,85653,0,95214,145148,1089040,86013,116012,53436,50563,41444,29056,18398,167664,306311,31546,16367,13226,5673,28726,41174,19267,3936,22288,156198,23663,7087,4726
3398019,1461543,6127888,3593589,329147,6030947,203240,1672723,484681,2086229,425399,1214791,105760,11901000,124995,872152,640323,73204,142744,581910,393785,43690,272506,421557,457995,809928,44349,205782,5181,337207,227496,213978,204448,310841,298806,0,113676,296418,120334,124831,89268,26133,52109,49201,63543,25559,50027,15834,17572,5862,158688,78289,19084,15609,15224,49539,20579,11679,14286,3724
24906246,2802031,1922903,1513280,1508774,1410519,870303,979974,945625,2000714,694877,1681345,2083726,801953,739692,648829,1672501,393118,593258,326509,784071,0,122602,221006,144598,895842,77725,200995,105775,64853,129492,71155,223720,117099,119786,127762,0,88920,140951,494163,165447,84321,81869,175302,40413,109744,22956,86881,15589,51598,139,7334,22677,28883,30938,30804,10890,44122,15720,54642
4675357,3484951,9743615,3135935,1433387,2165521,1083191,1477731,760084,4068341,500182,2384394,987857,1152116,292674,899246,1011793,307518,543423,1569144,2410600,161010,533219,437425,6255089,561340,534092,272359,186778,1109886,188038,157307,301591,180296,1730135,183599,272716,0,294205,114378,107420,117398,104541,68854,67084,76932,639470,179444,31188,12699,64913,32655,14975,26532,7461,54949,1549678,9470,32270,50130
9577928,18438962,1625222,790004,5997202,1143115,4402094,1234828,1450418,878976,1480409,730348,2158110,1660268,85721,584389,282572,281603,656657,152949,692174,193762,68519,35622,166993,3410859,173848,18015,44264,168383,76827,6223,162700,3939,149092,43502,78900,184141,0,130937,780651,96330,1210313,14337,9482,13228,15049,12369,1595,8306,7073,1783,57095,113610,400,491639,12659,268441,139476,877
1445905,285501,1994928,1095101,109666,709211,247299,2819559,178723,506219,224511,398004,114536,639971,176852,154847,1860935,50012,150663,478236,229116,12589,167510,226699,146244,48292,76426,93188,8040,131902,51375,107283,42201,803462,67104,140229,223927,87216,14544,0,10667,18011,22398,163539,1404799,27701,52487,18971,92004,8379,130949,14807,7090,4731,19467,5003,14933,1363,4379,836
14694421,3545141,1576372,872748,970435,421896,323482,816153,648813,1038933,922502,565463,869956,1788008,420260,602448,800824,50707,61121,111285,129533,52769,3432,23796,47421,1189282,6046,1142,11457,27488,129237,10400,31686,14276,120842,309845,13033,89815,879054,17691,0,14340,1295528,4639,2563,11979,2132,4764,14752,266,1390,670,361176,376081,719,1608403,7928,306993,21329,775
4481056,6583778,745992,1303126,2385009,440217,1224915,292504,534067,394020,348514,330311,549843,153105,720358,99504,62702,591627,5726843,46422,111812,775019,23285,33435,48837,55920,637010,4355,387592,98432,61357,2020,141187,5938,49907,20847,17318,33847,101955,26661,8693,0,107095,746,5239,4664,13462,1514,2456,185252,6560,2776,13568,23723,5777,3142,4962,7168,12211,3856
5383032,7949920,1218013,387615,1240234,477601,1135814,602053,2551482,631801,681324,492907,746281,1380810,16066,2750781,62439,88641,104838,38478,81710,38884,17328,15058,106991,1256345,52723,1357,26583,128064,18473,14581,19465,2460,236851,27858,6712,199317,1098507,3256,937226,45045,0,654,24943,21658,3871,3724,279,1667,2435,2564,93817,104080,9143,710323,16948,57279,29541,613
701885,289507,5749166,496569,64863,1245951,112549,2917791,112472,435001,110311,273113,90880,426861,65412,417749,343784,36725,97229,685442,845209,15144,2336962,558682,212622,62626,12791,1218417,7989,204065,24528,398032,37426,470352,127794,50224,107588,73516,13101,193543,17542,10336,6442,0,193330,71220,86170,74884,2194719,3197,16591,19986,2182,0,2591,5117,27226,3417,1668,3704
626386,748307,3221454,563620,103634,1128915,101716,2549582,100858,621606,57108,1015764,88595,575435,291204,220722,2254150,50457,43620,498847,459509,35070,435467,337748,142923,43091,54518,375402,33768,120305,77029,146744,58632,2064022,72662,89155,82767,89980,5574,1536610,13915,30072,7599,104161,0,34743,55241,32846,106756,6256,123076,3896,2587,2452,73672,3416,10347,1489,4730,4036
166338,1010810,755098,51463,23661,135762,46940,125454,27748,141850,8944,105705,162150,36272,130936,21530,192831,79403,2794,831654,7988799,63486,30551,157248,51693,514415,210919,84670,9070,37675,26997,105342,5408,61549,138884,629,16418,16386,1549,17275,3226,14141,945,9277,35256,0,975724,488033,4848,18552,14919,2469,244,0,14914,3113,145799,1622,5649,724
1114447,138785,1855788,1187525,360349,726799,72712,509346,184170,1126577,32048,400535,186709,352070,87540,111511,244564,8513,33787,993506,354660,53503,85428,233247,957227,19862,9564,115469,4885,570052,94699,73506,24815,78333,764771,77818,32969,375767,4429,26296,3071,16275,2974,44664,48771,277592,0,220698,23959,13943,2311,7531,2043,21792,1680,3670,1045467,2394,3219,6975
850869,5848947,3134326,710758,808649,3693681,305027,2579020,408962,212034,27191,219334,337545,1323841,32106,198070,1109832,10928,2562,948132,4275013,2799,942179,341079,7322,139134,13769,19221,15,17635,337,3830,1259,1116252,6461,628865,1618,222757,1333,1581159,2954,1037,160,26883,27657,45182,317526,0,104,359,12536,305,2,0,2191,38,61052,0,19,0
591382,111789,1332640,144690,64809,190617,9987,1563814,41955,199802,25490,122295,26483,105563,7682,177275,135200,9957,18879,178931,231995,7096,590802,135339,47993,8650,17781,478742,3297,30693,11455,158661,14467,134329,67021,50276,36169,16411,2074,96755,85354,2067,1680,1521356,65930,27185,11085,11111,0,290,5735,4623,16,222,69,190,2333,6449,231,6653
3029512,258516,596182,1082903,269785,329783,84472,406224,261274,139883,156390,310947,848782,116367,106455,172829,87862,53760,158347,69021,309603,88548,34086,48588,61037,51995,41282,20192,24108,27407,69039,44717,29682,7864,43976,5422,110792,20969,43443,4735,17223,37666,23300,3662,1930,6138,5314,6218,1888,0,937,2018,2251,4716,2326,10227,6096,2003,2791,10732
563432,183799,1832882,221141,122984,4418184,50552,2549856,66731,195441,43298,311674,115002,675076,15427,148863,144077,14683,21852,207124,93917,17977,258241,144571,11785,57920,21206,37098,1463,8239,10796,87602,23941,71590,34936,45197,2487,15631,1151,22877,4068,3563,4302,3909,14791,3937,114,3570,5966,127,0,12689,3811,99,1202,1763,4925,764,606,550
662801,309070,3603961,741890,71956,1598666,50057,1031227,144438,878746,64708,3090190,178024,474354,50218,230485,224346,15274,18439,312730,102540,20594,403720,270232,310735,88769,15853,91074,1144,207756,44458,75005,47034,76074,79636,129718,195260,67356,7517,150644,7430,5279,10022,53933,88328,4504,17876,11402,11005,832,7929,0,1608,7867,332,10080,8625,1048,246,1001
4781211,208014,218383,201399,79119,169938,78626,35712,799710,199502,143440,184742,600808,114205,34761,80474,16087,22693,26861,28081,12478,2040,577,14177,38185,24946,3683,421,358,10543,18627,3795,10188,311,12232,9209,12793,4132,18265,1229,48913,7432,10928,42,577,673,95,455,149,1036,612,329,0,38786,0,14628,519,37197,2072,65
4436688,201104,125961,121462,242374,65496,161867,117086,489991,292618,461200,74785,13580,98869,10127,48976,16137,3810,21216,18826,12224,58622,1386,6167,4902,28497,18831,157,1171,2135,9417,544,2457,1401,20247,10230,1838,7846,109400,9274,66643,14582,50453,160,9910,1063,1,16571,38,987,29007,220,163065,0,181,34365,677,399177,516,0
319046,380350,183260,67739,87154,53686,55434,64357,19126,268639,1715,29119,60007,51930,3339,465560,35718,9033,20260,4855,24270,1716,577,30333,18683,97,10963,1256,645,1347,1037,4228,7001,1420,18516,4018,58127,4239,153,6231,12,4262,14,645,8251,773,414,73,899,1215,2501,55,2,218,0,20,61,25,5,2343
7921963,1238449,555816,172403,779603,398651,245724,345143,248085,292159,164270,298408,641097,533441,7401,119684,81615,9369,26254,237322,1154396,57828,1066,50886,48838,117765,22673,2450,2628,17086,6089,22411,4912,5711,36695,15661,5813,14736,1198815,77067,783083,46158,991316,41393,14450,73313,10081,32848,14795,13140,14047,1108,63306,69073,2091,0,17393,33722,21388,61
517564,234964,626383,289249,101129,311156,111662,150139,84127,313656,113985,184996,157444,130475,26017,43032,278134,32047,45561,177402,459288,22188,51233,67457,2198674,22677,3549,51175,1076,325383,46307,17558,31121,39963,582718,25684,13994,1693640,4521,11596,2775,2874,2732,13276,12932,24993,849747,35936,3249,2161,5250,2491,6314,1316,5692,341,0,696,4865,5382
4717019,825960,497887,324335,217390,254573,149822,268925,393758,622924,550027,496449,68751,199467,71505,108916,49719,23682,83518,75098,78582,28487,737,242450,30343,52630,2894,1361,4017,6497,84520,10309,11523,1281,62575,31510,4211,71936,32138,17665,86499,5984,24648,1634,1161,15020,8333,4414,856,185,1024,1229,243034,599653,222,50216,14018,0,4740,144
629039,2410540,290879,96814,60534,123273,83583,301673,72672,526185,373214,18339,18537,119486,16384,102245,158178,75859,15568,39152,113395,25433,62435,14017,7307,1216624,17056,5350,88196,12306,6162,1002,28054,5333,43074,83527,145423,40490,199248,3382,73919,3774,138108,24,4950,2717,1449,2740,665,163,782,281,59421,96514,111,56668,895,24032,0,1
108300,377844,178258,38071,235438,44732,50835,43573,9724,67705,2505,197976,1004389,26559,8976,158646,34564,16110,5276,43588,47363,134151,354,6424,6896,20,21451,301,3059,3627,58963,66,32108,9002,3852,28876,9076,5625,566,10373,432,2847,10,1,23156,1606,8315,1831,16,3567,1361,221,291,1,6382,17,100,23,25,0
